league_code,folder,country,league,priority,priority_rank,division,strength,strength_source,latest_season,n_teams,n_players,groups,calendar,notes
GER_22B,1 - [GER] - (2. Bundesliga),GER,2. Bundesliga,green,1,2,76.3,provisional_uefa_x_division,2025-2026,18,538,,autumn-spring,
GER_33L,2 - [GER] - (3. Liga),GER,3. Liga,green,1,3,44.4,provisional_uefa_x_division,2025-2026,20,599,,autumn-spring,
ARG_PN,3 - [ARG] - (Primera Nacional),ARG,Primera Nacional,green,1,2,37.6,provisional_marketvalue_interp (coverage 44%),2025-2026,36,1158,,calendar,
BRA_SRB,4 - [BRA] - (Série B),BRA,Série B,green,1,2,63.7,provisional_marketvalue_interp (coverage 52%),2025-2026,20,807,,calendar,
BRA_SRC,5 - [BRA] - (Série C),BRA,Série C,green,1,3,48.5,provisional_marketvalue_interp (coverage 25%),2025-2026,20,720,,calendar,
COL_LB,6 - [COL] - (Liga BetPlay),COL,Liga BetPlay,green,1,1,63.7,provisional_marketvalue_interp (coverage 55%),2025-2026,20,775,,calendar,
COL_TB,7 - [COL] - (Torneo BetPlay),COL,Torneo BetPlay,green,1,2,48.5,provisional_marketvalue_interp (coverage 25%),2025-2026,16,662,,calendar,
DEN_SUPER,8 - [DEN] - (Superliga),DEN,Superliga,green,1,1,54.0,provisional_uefa_x_division,2025-2026,12,370,,autumn-spring,
DEN_11D,9 - [DEN] - (1st Division),DEN,1st Division,green,1,2,29.7,provisional_uefa_x_division,2025-2026,12,370,,autumn-spring,
ESP_PDR,10 - [ESP] - (Primera Division RFEF),ESP,Primera Division RFEF,green,1,3,48.5,provisional_marketvalue_interp (coverage 43%),2025-2026,40,1165,2,autumn-spring,
ESP_SDR,11 - [ESP] - (Segunda Division RFEF),ESP,Segunda Division RFEF,green,1,4,37.6,provisional_marketvalue_interp (coverage 33%),2024-2025,90,2475,5,autumn-spring,
FRA_L22,12 - [FRA] - (Ligue 2),FRA,Ligue 2,green,1,2,64.6,provisional_uefa_x_division,2025-2026,18,541,,autumn-spring,
FRA_L33,13 - [FRA] - (Ligue 3),FRA,Ligue 3,green,1,3,37.6,provisional_uefa_x_division,2025-2026,17,494,,autumn-spring,
FRA_N11,14 - [FRA] - (National 1),FRA,National 1,green,1,3,37.6,provisional_uefa_x_division,2024-2025,48,972,,autumn-spring,
GRE_SSL,15 - [GRE] - (Stoiximan Super League),GRE,Stoiximan Super League,green,1,1,58.5,provisional_uefa_x_division,2025-2026,14,479,,autumn-spring,
GRE_SL22,16 - [GRE] - (Super League 2),GRE,Super League 2,green,1,2,32.2,provisional_uefa_x_division,2025-2026,20,646,,autumn-spring,
NED_EREDI,17 - [NED] - (Eredivisie),NED,Eredivisie,green,1,1,100.0,provisional_uefa_x_division,2025-2026,18,533,,autumn-spring,
NED_ED,18 - [NED] - (Eerste Divisie),NED,Eerste Divisie,green,1,2,55.0,provisional_uefa_x_division,2025-2026,20,645,,autumn-spring,
NOR_ELITE,19 - [NOR] - (Eliteserien),NOR,Eliteserien,green,1,1,24.0,provisional_uefa_x_division,2025-2026,16,446,,calendar,
NOR_OL,20 - [NOR] - (Obos Ligaen),NOR,Obos Ligaen,green,1,2,13.2,provisional_uefa_x_division,2025-2026,18,475,,calendar,
POR_L33,21 - [POR] - (Liga 3),POR,Liga 3,green,1,3,34.5,provisional_uefa_x_division,2025-2026,20,610,,autumn-spring,
POR_CDP,22 - [POR] - (Campeonato de Portugal),POR,Campeonato de Portugal,green,1,4,19.4,provisional_uefa_x_division,2025-2026,56,1568,,autumn-spring,
SWE_ALLSV,23 - [SWE] - (Allsvenskan),SWE,Allsvenskan,green,1,1,19.3,provisional_uefa_x_division,2025-2026,16,469,,calendar,
SWE_SUPER,24 - [SWE] - (Superettan),SWE,Superettan,green,1,2,10.6,provisional_uefa_x_division,2025-2026,16,443,,calendar,
AUT_BUNDE,25 - [AUT] - (Bundesliga),AUT,Bundesliga,yellow,2,1,70.8,provisional_uefa_x_division,2025-2026,12,340,,autumn-spring,
AUT_22L,26 - [AUT] - (2. Liga),AUT,2. Liga,yellow,2,2,39.0,provisional_uefa_x_division,2025-2026,16,480,,autumn-spring,
BEL_PL,27 - [BEL] - (Pro League),BEL,Pro League,yellow,2,1,91.3,provisional_uefa_x_division,2025-2026,16,493,,autumn-spring,
BEL_CPL,28 - [BEL] - (Challenger Pro League),BEL,Challenger Pro League,yellow,2,2,50.2,provisional_uefa_x_division,2025-2026,17,537,,autumn-spring,
BUL_FL,29 - [BUL] - (First League),BUL,First League,yellow,2,1,32.7,provisional_uefa_x_division,2025-2026,16,535,,autumn-spring,
CZE_CL,30 - [CZE] - (Chance Liga),CZE,Chance Liga,yellow,2,1,63.7,provisional_uefa_x_division,2025-2026,16,512,,autumn-spring,
CHI_PDN,31 - [CHI] - (Primera División),CHI,Primera División,yellow,2,1,63.7,provisional_marketvalue_interp (coverage 55%),2025-2026,16,473,,calendar,
CHN_CSL,32 - [CHN] - (CSL),CHN,CSL,yellow,2,1,37.6,provisional_marketvalue_interp (coverage 74%),2025-2026,16,461,,calendar,
CYP_11D,33 - [CYP] - (1. Division),CYP,1. Division,yellow,2,1,20.9,provisional_uefa_x_division,2025-2026,14,441,,autumn-spring,
KOR_KL11,34 - [KOR] - (K League 1),KOR,K League 1,yellow,2,1,63.7,provisional_marketvalue_interp (coverage 62%),2025-2026,12,418,,calendar,
CRO_SUPER,35 - [CRO] - (Superleague),CRO,Superleague,yellow,2,1,23.3,provisional_uefa_x_division,2025-2026,10,337,,autumn-spring,
CRO_FN,36 - [CRO] - (First NL),CRO,First NL,yellow,2,2,12.8,provisional_uefa_x_division,2025-2026,0,0,,autumn-spring,no CSV exported yet
SCO_PREMI,37 - [SCO] - (Premiership),SCO,Premiership,yellow,2,1,50.8,provisional_uefa_x_division,2025-2026,12,390,,autumn-spring,
SCO_CHAMP,38 - [SCO] - (Championship),SCO,Championship,yellow,2,2,27.9,provisional_uefa_x_division,2025-2026,10,294,,autumn-spring,
SVK_NL,39 - [SVK] - (Niké Liga),SVK,Niké Liga,yellow,2,1,31.5,provisional_uefa_x_division,2025-2026,12,381,,autumn-spring,
SVN_11S,40 - [SVN] - (1. SNL),SVN,1. SNL,yellow,2,1,21.7,provisional_uefa_x_division,2025-2026,10,343,,autumn-spring,
USA_MLS,41 - [USA] - (Major League Soccer),USA,Major League Soccer,yellow,2,1,,MISSING - fill by hand,2025-2026,0,0,,calendar,no CSV exported yet
USA_UC,42 - [USA] - (USL Championship),USA,USL Championship,yellow,2,2,,MISSING - fill by hand,2025-2026,0,0,,calendar,no CSV exported yet
HUN_NI,43 - [HUN] - (NB I),HUN,NB I,yellow,2,1,31.9,provisional_uefa_x_division,2025-2026,12,395,,autumn-spring,
ISR_LHA,44 - [ISR] - (Ligat ha'Al),ISR,Ligat ha'Al,yellow,2,1,34.1,provisional_uefa_x_division,2025-2026,14,435,,autumn-spring,
ITA_SB,45 - [ITA] - (Serie B),ITA,Serie B,yellow,2,2,83.4,provisional_uefa_x_division,2025-2026,20,591,,autumn-spring,
ITA_SC,46 - [ITA] - (Serie C),ITA,Serie C,yellow,2,3,48.5,provisional_uefa_x_division,2025-2026,60,1763,3,autumn-spring,
JPN_J1L,47 - [JPN] - (J1 League),JPN,J1 League,yellow,2,1,70.8,provisional_marketvalue_interp (coverage 70%),2025-2026,20,610,,calendar,
JPN_J2L,48 - [JPN] - (J2 League),JPN,J2 League,yellow,2,2,55.0,provisional_marketvalue_interp (coverage 54%),2025-2026,20,639,,calendar,
MEX_LM,49 - [MEX] - (Liga MX),MEX,Liga MX,yellow,2,1,100.0,provisional_marketvalue_interp (coverage 58%),2025-2026,18,581,,apertura-clausura,
MEX_LDENM,50 - [MEX] - (Liga de Expansión MX),MEX,Liga de Expansión MX,yellow,2,2,63.7,provisional_marketvalue_interp (coverage 39%),2025-2026,15,504,,apertura-clausura,
POL_EKSTR,51 - [POL] - (Ekstraklasa),POL,Ekstraklasa,yellow,2,1,57.1,provisional_uefa_x_division,2025-2026,18,542,,autumn-spring,
POL_IL,52 - [POL] - (I Liga),POL,I Liga,yellow,2,2,31.4,provisional_uefa_x_division,2025-2026,18,534,,autumn-spring,
ROU_SUPER,53 - [ROU] - (Superliga),ROU,Superliga,yellow,2,1,44.2,provisional_uefa_x_division,2025-2026,16,540,,autumn-spring,
SRB_SL,54 - [SRB] - (Super Liga),SRB,Super Liga,yellow,2,1,54.6,provisional_uefa_x_division,2025-2026,16,574,,autumn-spring,
SUI_SL,55 - [SUI] - (Super League),SUI,Super League,yellow,2,1,56.2,provisional_uefa_x_division,2025-2026,12,388,,autumn-spring,
TUR_SPL,56 - [TUR] - (Süper Lig),TUR,Süper Lig,yellow,2,1,70.5,provisional_uefa_x_division,2025-2026,18,570,,autumn-spring,
TUR_11L,57 - [TUR] - (1. Lig),TUR,1. Lig,yellow,2,2,38.8,provisional_uefa_x_division,2025-2026,20,670,,autumn-spring,
UKR_VL,58 - [UKR] - (VBET League),UKR,VBET League,yellow,2,1,63.1,provisional_uefa_x_division,2025-2026,17,516,,autumn-spring,
URU_PDN,59 - [URU] - (Primera División),URU,Primera División,yellow,2,1,55.0,provisional_marketvalue_interp (coverage 46%),2025-2026,16,584,,calendar,
RSA_PD,60 - [RSA] - (Premier Division),RSA,Premier Division,red,3,1,,MISSING - fill by hand,2025-2026,0,0,,autumn-spring,no CSV exported yet
ALB_AS,61 - [ALB] - (Abissnet Superiore),ALB,Abissnet Superiore,red,3,1,12.8,provisional_uefa_x_division,2025-2026,10,326,,autumn-spring,
AND_11D,62 - [AND] - (1a Divisió),AND,1a Divisió,red,3,1,37.6,provisional_marketvalue_interp (coverage 31%),2025-2026,10,240,,autumn-spring,
ALG_L11,63 - [ALG] - (Ligue 1),ALG,Ligue 1,red,3,1,,MISSING - fill by hand,2025-2026,0,0,,autumn-spring,no CSV exported yet
ARM_IPL,64 - [ARM] - (IDBank Premier League),ARM,IDBank Premier League,red,3,1,9.9,provisional_uefa_x_division,2025-2026,10,318,,autumn-spring,
AZE_PL,65 - [AZE] - (Premyer Liqa),AZE,Premyer Liqa,red,3,1,55.0,provisional_marketvalue_interp (coverage 53%),2025-2026,12,333,,autumn-spring,
BOL_LFPB,66 - [BOL] - (LFPB),BOL,LFPB,red,3,1,48.5,provisional_marketvalue_interp (coverage 49%),2025-2026,16,565,,calendar,
BIH_PL,67 - [BIH] - (Premijer Liga),BIH,Premijer Liga,red,3,1,18.9,provisional_uefa_x_division,2025-2026,10,381,,autumn-spring,
CRC_PDN,68 - [CRC] - (Primera División),CRC,Primera División,red,3,1,48.5,provisional_marketvalue_interp (coverage 45%),2025-2026,10,374,,calendar,
ECU_LP,69 - [ECU] - (Liga Pro),ECU,Liga Pro,red,3,1,55.0,provisional_marketvalue_interp (coverage 50%),2025-2026,16,498,,calendar,
EST_ALPL,70 - [EST] - (A.LeCoq Premium Liiga),EST,A.LeCoq Premium Liiga,red,3,1,37.6,provisional_marketvalue_interp (coverage 26%),2025-2026,10,277,,calendar,
FIN_VEIKK,71 - [FIN] - (Veikkausliiga),FIN,Veikkausliiga,red,3,1,19.7,provisional_uefa_x_division,2025-2026,13,367,,calendar,
GEO_EL,72 - [GEO] - (Erovnuli Liga),GEO,Erovnuli Liga,red,3,1,12.6,provisional_uefa_x_division,2025-2026,10,336,,autumn-spring,
LVA_VIRSL,73 - [LVA] - (Virsliga),LVA,Virsliga,red,3,1,37.6,provisional_marketvalue_interp (coverage 48%),2025-2026,11,292,,calendar,
LTU_AL,74 - [LTU] - (A Lyga),LTU,A Lyga,red,3,1,48.5,provisional_marketvalue_interp (coverage 54%),2025-2026,10,283,,calendar,
MAR_BP,75 - [MAR] - (Botola Pro),MAR,Botola Pro,red,3,1,63.7,provisional_marketvalue_interp (coverage 35%),2025-2026,16,486,,autumn-spring,
MNE_FL,76 - [MNE] - (First League),MNE,First League,red,3,1,11.0,provisional_uefa_x_division,2025-2026,10,303,,autumn-spring,
PAR_DP,77 - [PAR] - (Division Profesional),PAR,Division Profesional,red,3,1,48.5,provisional_marketvalue_interp (coverage 40%),2025-2026,12,518,,calendar,
PER_PDN,78 - [PER] - (Primera División),PER,Primera División,red,3,1,55.0,provisional_marketvalue_interp (coverage 67%),2025-2026,19,543,,calendar,
QAT_QSL,79 - [QAT] - (Qatar Stars League),QAT,Qatar Stars League,red,3,1,64.6,provisional_marketvalue_interp (coverage 60%),2025-2026,12,349,,autumn-spring,
TUN_L11,80 - [TUN] - (Ligue 1),TUN,Ligue 1,red,3,1,48.5,provisional_marketvalue_interp (coverage 15%),2025-2026,16,505,,autumn-spring,
UZB_SL,81 - [UZB] - (Super League),UZB,Super League,red,3,1,48.5,provisional_marketvalue_interp (coverage 37%),2025-2026,16,476,,autumn-spring,
VEN_PDN,82 - [VEN] - (Primera División),VEN,Primera División,red,3,1,48.5,provisional_marketvalue_interp (coverage 49%),2025-2026,14,496,,calendar,
